2025-05-19 10:28:54.429380,0.00,lost,won,SIMULADO,0.50,1,0,4
2025-05-19 10:28:58.386703,0.00,lost,lost,SIMULADO,0.50,1,0,5
2025-05-19 10:29:02.392983,0.00,lost,won,SIMULADO,0.50,1,0,6
2025-05-19 10:29:06.756126,0.00,lost,lost,SIMULADO,0.50,1,0,7
2025-05-19 10:29:10.374687,0.00,lost,lost,SIMULADO,0.50,1,0,8
2025-05-19 10:29:59.626269,0.53,won,won,REAL,0.50,1,0,0
2025-05-19 10:30:05.692532,0.56,won,lost,REAL,0.50,1,1,0
2025-05-19 10:30:10.598235,0.56,won,won,REAL,0.50,2,1,0
2025-05-19 10:30:15.635711,0.57,won,won,REAL,0.50,3,1,0
2025-05-19 10:30:21.698842,0.53,won,lost,REAL,0.50,3,2,0
2025-05-19 10:31:15.721687,0.55,won,lost,REAL,0.50,0,1,0
2025-05-19 10:31:20.669440,0.54,won,lost,REAL,0.50,0,2,0
2025-05-19 10:31:25.673144,0.55,won,lost,REAL,0.50,0,3,0
2025-05-19 10:31:31.655396,0.56,won,won,REAL,0.50,1,3,0
2025-05-19 10:31:36.565505,0.53,won,won,REAL,0.50,2,3,0
2025-05-19 10:31:40.444482,0.00,lost,lost,SIMULADO,0.50,2,3,1
2025-05-19 10:31:44.428719,0.00,lost,lost,SIMULADO,0.50,2,3,2
2025-05-19 10:31:50.699781,0.52,won,lost,REAL,0.50,2,4,2
2025-05-19 10:31:58.636378,0.50,won,won,REAL,0.50,3,4,2
2025-05-19 10:32:04.652677,0.52,won,won,REAL,0.50,4,4,2
2025-05-19 10:32:14.613952,0.56,won,won,REAL,0.50,5,4,2
2025-05-19 10:32:20.651647,0.56,won,won,REAL,0.50,6,4,2
2025-05-19 10:32:26.611484,0.56,won,won,REAL,0.50,7,4,2
2025-05-19 10:32:32.664358,0.52,won,won,REAL,0.50,8,4,2
2025-05-19 10:32:37.667423,0.51,won,lost,REAL,0.50,8,5,2
2025-05-19 10:32:43.775908,0.51,won,lost,REAL,0.50,8,6,2
2025-05-19 10:32:47.499979,0.00,lost,lost,SIMULADO,0.50,8,6,3
2025-05-19 10:32:51.521795,0.00,lost,won,SIMULADO,0.50,8,6,4
2025-05-19 10:32:57.707580,0.56,won,lost,REAL,0.50,8,7,4
2025-05-19 10:33:02.610887,0.51,won,lost,REAL,0.50,8,8,4
2025-05-19 10:33:06.426231,0.00,lost,lost,SIMULADO,0.50,8,8,5
2025-05-19 10:33:10.451968,0.00,lost,won,SIMULADO,0.50,8,8,6
2025-05-19 10:33:16.662131,0.53,won,won,REAL,0.50,9,8,6
2025-05-19 10:33:22.866503,0.51,won,won,REAL,0.50,10,8,6
2025-05-19 10:33:26.419692,0.00,lost,won,SIMULADO,0.50,10,8,7
2025-05-19 10:33:31.708756,0.54,won,won,REAL,0.50,11,8,7
2025-05-19 10:33:37.790227,0.54,won,lost,REAL,0.50,11,9,7
2025-05-19 10:33:43.660592,0.56,won,lost,REAL,0.50,11,10,7
2025-05-19 10:33:49.621604,0.55,won,won,REAL,0.50,12,10,7
2025-05-19 10:33:55.671913,0.54,won,lost,REAL,0.50,12,11,7
2025-05-19 10:34:01.641553,0.51,won,lost,REAL,0.50,12,12,7
2025-05-19 10:34:05.544620,0.00,lost,won,SIMULADO,0.50,12,12,8
2025-05-19 10:34:11.680752,0.52,won,lost,REAL,0.50,12,13,8
2025-05-19 10:34:15.553849,0.00,lost,lost,SIMULADO,0.50,12,13,9
2025-05-19 10:34:19.508206,0.00,lost,lost,SIMULADO,0.50,12,13,10
2025-05-19 10:34:24.706866,0.52,won,lost,REAL,0.50,12,14,10
2025-05-19 10:34:30.654392,0.55,won,won,REAL,0.50,13,14,10
2025-05-19 10:34:34.445562,0.00,lost,won,SIMULADO,0.50,13,14,11
2025-05-19 10:34:38.429111,0.00,lost,lost,SIMULADO,0.50,13,14,12
2025-05-19 10:34:42.423594,0.00,lost,won,SIMULADO,0.50,13,14,13
2025-05-19 10:34:48.662318,0.53,won,lost,REAL,0.50,13,15,13
2025-05-19 10:34:54.726703,0.55,won,won,REAL,0.50,14,15,13
2025-05-19 10:34:59.503454,0.00,lost,won,SIMULADO,0.50,14,15,14
2025-05-19 10:35:03.527814,0.00,lost,lost,SIMULADO,0.50,14,15,15
2025-05-19 10:35:07.505208,0.00,lost,won,SIMULADO,0.50,14,15,16
2025-05-19 10:35:13.766422,0.56,won,won,REAL,0.50,15,15,16
2025-05-19 10:35:19.662237,0.52,won,lost,REAL,0.50,15,16,16
2025-05-19 10:35:23.515165,0.00,lost,lost,SIMULADO,0.50,15,16,17
2025-05-19 10:35:27.511935,0.00,lost,won,SIMULADO,0.50,15,16,18
2025-05-19 10:35:32.452946,0.00,lost,won,SIMULADO,0.50,15,16,19
2025-05-19 10:35:38.641896,0.50,won,lost,REAL,0.50,15,17,19
2025-05-19 10:35:42.461804,0.00,lost,lost,SIMULADO,0.50,15,17,20
2025-05-19 10:35:46.423107,0.00,lost,lost,SIMULADO,0.50,15,17,21
2025-05-19 10:35:52.626874,0.52,won,won,REAL,0.50,16,17,21
2025-05-19 10:35:57.690864,0.56,won,lost,REAL,0.50,16,18,21
2025-05-19 10:36:03.664626,0.51,won,won,REAL,0.50,17,18,21
2025-05-19 10:36:09.738982,0.53,won,won,REAL,0.50,18,18,21
2025-05-19 10:36:14.641541,0.52,won,won,REAL,0.50,19,18,21
2025-05-19 10:36:20.683510,0.50,won,lost,REAL,0.50,19,19,21
2025-05-19 10:36:24.442561,0.00,lost,lost,SIMULADO,0.50,19,19,22
2025-05-19 10:36:28.437689,0.00,lost,won,SIMULADO,0.50,19,19,23
2025-05-19 10:36:32.422862,0.00,lost,won,SIMULADO,0.50,19,19,24
2025-05-19 10:36:36.449469,0.00,lost,won,SIMULADO,0.50,19,19,25
2025-05-19 10:36:40.436028,0.00,lost,lost,SIMULADO,0.50,19,19,26
2025-05-19 10:36:45.750141,0.54,won,won,REAL,0.50,20,19,26
2025-05-19 10:36:51.623830,0.55,won,lost,REAL,0.50,20,20,26
2025-05-19 10:36:57.774912,0.54,won,lost,REAL,0.50,20,21,26
2025-05-19 10:37:06.657800,0.54,won,won,REAL,0.50,21,21,26
2025-05-19 10:45:17.472219,0.00,lost,lost,SIMULADO,0.50,0,0,1
2025-05-19 10:45:22.697782,0.53,won,lost,REAL,0.50,0,1,1
2025-05-19 11:00:27.670799,0.54,won,won,REAL,0.50,1,0,0
2025-05-19 11:00:33.697153,0.62,won,lost,REAL,0.50,1,1,0
2025-05-19 11:00:41.681597,0.56,won,won,REAL,0.50,2,1,0
2025-05-19 11:00:48.011020,0.57,won,won,REAL,0.50,3,1,0
2025-05-19 11:00:53.665295,0.58,won,lost,REAL,0.50,3,2,0
2025-05-19 11:00:59.677645,0.58,won,won,REAL,0.50,4,2,0
2025-05-19 11:01:05.615979,0.60,won,lost,REAL,0.50,4,3,0
2025-05-19 11:01:11.653842,0.60,won,won,REAL,0.50,5,3,0
2025-05-19 11:01:17.675199,0.62,won,lost,REAL,0.50,5,4,0
2025-05-19 11:01:23.707555,0.61,won,won,REAL,0.50,6,4,0
2025-05-19 11:01:29.642888,0.61,won,lost,REAL,0.50,6,5,0
2025-05-19 11:01:34.612006,0.59,won,won,REAL,0.50,7,5,0
2025-05-19 11:01:39.696149,0.57,won,lost,REAL,0.50,7,6,0
2025-05-19 11:01:45.711500,0.55,won,won,REAL,0.50,8,6,0
2025-05-19 11:01:50.631605,0.56,won,lost,REAL,0.50,8,7,0
2025-05-19 11:01:56.661906,0.54,won,won,REAL,0.50,9,7,0
2025-05-19 11:02:03.623470,0.58,won,won,REAL,0.50,10,7,0
2025-05-19 11:02:09.650825,0.60,won,lost,REAL,0.50,10,8,0
2025-05-19 11:02:15.689183,0.55,won,won,REAL,0.50,11,8,0
2025-05-19 11:02:21.732540,0.56,won,lost,REAL,0.50,11,9,0
2025-05-19 11:02:27.631868,0.59,won,lost,REAL,0.50,11,10,0
2025-05-19 11:02:33.617213,0.60,won,lost,REAL,0.50,11,11,0
2025-05-19 11:02:39.655571,0.59,won,won,REAL,0.50,12,11,0
2025-05-19 11:02:44.691702,0.59,won,lost,REAL,0.50,12,12,0
2025-05-19 11:02:49.634813,0.58,won,lost,REAL,0.50,12,13,0
2025-05-19 11:02:54.727475,0.57,won,won,REAL,0.50,13,13,0
2025-05-19 11:03:00.715821,0.58,won,won,REAL,0.50,14,13,0
2025-05-19 11:03:05.701945,0.57,won,lost,REAL,0.50,14,14,0
2025-05-19 11:03:11.628276,0.59,won,lost,REAL,0.50,14,15,0
2025-05-19 11:03:16.781434,0.59,won,won,REAL,0.50,15,15,0
2025-05-19 11:03:21.704545,0.59,won,won,REAL,0.50,16,15,0
2025-05-19 11:03:27.677887,0.58,won,won,REAL,0.50,17,15,0
2025-05-19 11:03:33.701241,0.60,won,won,REAL,0.50,18,15,0
2025-05-19 11:03:39.621571,0.61,won,lost,REAL,0.50,18,16,0
2025-05-19 11:03:45.675931,0.58,won,lost,REAL,0.50,18,17,0
2025-05-19 11:03:50.669053,0.55,won,lost,REAL,0.50,18,18,0
2025-05-19 11:03:55.698184,0.54,won,lost,REAL,0.50,18,19,0
2025-05-19 11:04:01.819560,0.56,won,won,REAL,0.50,19,19,0
2025-05-19 11:04:07.733888,0.57,won,won,REAL,0.50,20,19,0
2025-05-19 11:04:12.647993,0.56,won,lost,REAL,0.50,20,20,0
2025-05-19 11:04:18.666346,0.57,won,won,REAL,0.50,21,20,0
2025-05-19 11:04:24.479651,0.60,won,won,REAL,0.50,22,20,0
2025-05-19 11:04:30.498004,0.57,won,lost,REAL,0.50,22,21,0
2025-05-19 11:04:36.501354,0.55,won,lost,REAL,0.50,22,22,0
2025-05-19 11:04:42.506705,0.55,won,lost,REAL,0.50,22,23,0
2025-05-19 11:04:48.608926,0.52,won,won,REAL,0.50,23,23,0
2025-05-19 11:04:54.527256,0.51,won,won,REAL,0.50,24,23,0
2025-05-19 11:05:00.538607,0.53,won,won,REAL,0.50,25,23,0
2025-05-19 11:05:06.518951,0.53,won,lost,REAL,0.50,25,24,0
2025-05-19 11:05:12.570411,0.54,won,won,REAL,0.50,26,24,0
2025-05-19 11:05:18.499744,0.55,won,lost,REAL,0.50,26,25,0
2025-05-19 11:05:24.568111,0.52,won,lost,REAL,0.50,26,26,0
2025-05-19 11:05:30.650478,0.53,won,won,REAL,0.50,27,26,0
2025-05-19 11:05:36.667830,0.55,won,lost,REAL,0.50,27,27,0
2025-05-19 11:05:42.623169,0.56,won,lost,REAL,0.50,27,28,0
2025-05-19 11:05:48.665526,0.56,won,won,REAL,0.50,28,28,0
2025-05-19 11:05:54.604861,0.60,won,won,REAL,0.50,29,28,0
2025-05-19 11:05:59.534488,0.59,won,won,REAL,0.50,30,28,0
2025-05-19 11:06:22.732704,0.59,won,lost,REAL,0.50,30,29,0
2025-05-19 11:06:29.729276,0.60,won,won,REAL,0.50,31,29,0
2025-05-19 11:06:35.602597,0.58,won,won,REAL,0.50,32,29,0
2025-05-19 11:06:41.703968,0.60,won,won,REAL,0.50,33,29,0
2025-05-19 11:06:47.597292,0.54,won,lost,REAL,0.50,33,30,0
2025-05-19 11:06:53.573635,0.55,won,lost,REAL,0.50,33,31,0
2025-05-19 11:06:58.711789,0.56,won,lost,REAL,0.50,33,32,0
2025-05-19 11:07:04.759149,0.57,won,won,REAL,0.50,34,32,0
2025-05-19 11:07:10.706486,0.53,won,won,REAL,0.50,35,32,0
2025-05-19 11:07:14.533345,0.00,lost,won,SIMULADO,0.50,35,32,1
2025-05-19 11:07:19.702507,0.53,won,lost,REAL,0.50,35,33,1
2025-05-19 11:07:25.738865,0.57,won,won,REAL,0.50,36,33,1
2025-05-19 11:07:31.609184,0.53,won,lost,REAL,0.50,36,34,1
2025-05-19 11:07:37.669547,0.52,won,lost,REAL,0.50,36,35,1
2025-05-19 11:07:43.708903,0.52,won,won,REAL,0.50,37,35,1
2025-05-19 11:07:49.706252,0.51,won,won,REAL,0.50,38,35,1
2025-05-19 11:07:54.654363,0.54,won,lost,REAL,0.50,38,36,1
2025-05-19 11:07:59.640484,0.55,won,won,REAL,0.50,39,36,1
2025-05-19 11:08:04.752633,0.53,won,won,REAL,0.50,40,36,1
2025-05-19 11:08:09.689743,0.53,won,lost,REAL,0.50,40,37,1
2025-05-19 11:08:15.635079,0.55,won,lost,REAL,0.50,40,38,1
2025-05-19 11:08:20.654207,0.54,won,won,REAL,0.50,41,38,1
2025-05-19 11:08:26.759581,0.56,won,lost,REAL,0.50,41,39,1
2025-05-19 11:08:32.748927,0.58,won,lost,REAL,0.50,41,40,1
2025-05-19 11:08:37.679035,0.54,won,won,REAL,0.50,42,40,1
2025-05-19 11:08:43.671382,0.55,won,won,REAL,0.50,43,40,1
2025-05-19 11:08:49.649725,0.55,won,lost,REAL,0.50,43,41,1
2025-05-19 11:08:55.659076,0.55,won,lost,REAL,0.50,43,42,1
2025-05-19 11:09:01.735441,0.56,won,lost,REAL,0.50,43,43,1
2025-05-19 11:09:07.685778,0.59,won,won,REAL,0.50,44,43,1
2025-05-19 11:09:13.683126,0.59,won,lost,REAL,0.50,44,44,1
2025-05-19 11:09:18.701254,0.58,won,lost,REAL,0.50,44,45,1
2025-05-19 11:09:23.653367,0.54,won,won,REAL,0.50,45,45,1
2025-05-19 11:09:28.731508,0.53,won,won,REAL,0.50,46,45,1
2025-05-19 11:09:33.617606,0.52,won,won,REAL,0.50,47,45,1
2025-05-19 11:09:39.571944,0.56,won,won,REAL,0.50,48,45,1
2025-05-19 11:09:44.606075,0.58,won,won,REAL,0.50,49,45,1
2025-05-19 11:09:50.754457,0.56,won,won,REAL,0.50,50,45,1
2025-05-19 11:09:55.660560,0.59,won,lost,REAL,0.50,50,46,1
2025-05-19 11:10:01.657908,0.57,won,lost,REAL,0.50,50,47,1
2025-05-19 11:10:07.644253,0.57,won,lost,REAL,0.50,50,48,1
2025-05-19 11:10:13.698134,0.60,won,won,REAL,0.50,51,48,1
2025-05-19 11:10:19.642469,0.58,won,lost,REAL,0.50,51,49,1
2025-05-19 11:10:24.667598,0.58,won,lost,REAL,0.50,51,50,1
2025-05-19 11:10:29.623712,0.53,won,lost,REAL,0.50,51,51,1
2025-05-19 11:10:35.624061,0.54,won,won,REAL,0.50,52,51,1
2025-05-19 11:10:40.685198,0.56,won,won,REAL,0.50,53,51,1
2025-05-19 11:10:46.768565,0.58,won,won,REAL,0.50,54,51,1
2025-05-19 11:10:52.714902,0.54,won,won,REAL,0.50,55,51,1
2025-05-19 11:10:57.693019,0.55,won,lost,REAL,0.50,55,52,1
2025-05-19 11:11:02.629235,0.56,won,won,REAL,0.50,56,52,1
2025-05-19 11:11:07.647363,0.58,won,won,REAL,0.50,57,52,1
2025-05-19 11:11:12.749510,0.58,won,lost,REAL,0.50,57,53,1
2025-05-19 11:11:17.677617,0.57,won,lost,REAL,0.50,57,54,1
2025-05-19 11:11:25.602398,0.57,won,won,REAL,0.50,58,54,1
2025-05-19 11:11:30.773560,0.57,won,lost,REAL,0.50,58,55,1
2025-05-19 11:11:36.767908,0.54,won,lost,REAL,0.50,58,56,1
2025-05-19 11:11:42.696240,0.53,won,lost,REAL,0.50,58,57,1
2025-05-19 11:11:47.643359,0.54,won,lost,REAL,0.50,58,58,1
2025-05-19 11:11:52.719503,0.54,won,won,REAL,0.50,59,58,1
2025-05-19 11:11:58.753860,0.55,won,lost,REAL,0.50,59,59,1
2025-05-19 11:12:04.690193,0.55,won,won,REAL,0.50,60,59,1
2025-05-19 11:12:09.635304,0.55,won,won,REAL,0.50,61,59,1
2025-05-19 11:12:14.706444,0.54,won,lost,REAL,0.50,61,60,1
2025-05-19 11:12:19.702567,0.55,won,won,REAL,0.50,62,60,1
2025-05-19 11:12:25.672911,0.55,won,won,REAL,0.50,63,60,1
2025-05-19 11:12:33.616696,0.60,won,won,REAL,0.50,64,60,1
2025-05-19 11:12:39.654053,0.60,won,won,REAL,0.50,65,60,1
2025-05-19 11:12:44.723192,0.61,won,lost,REAL,0.50,65,61,1
2025-05-19 11:12:50.772553,0.59,won,won,REAL,0.50,66,61,1
2025-05-19 11:12:56.813909,0.59,won,won,REAL,0.50,67,61,1
2025-05-19 11:13:02.824260,0.55,won,lost,REAL,0.50,67,62,1
2025-05-19 11:13:08.773598,0.56,won,won,REAL,0.50,68,62,1
2025-05-19 11:13:13.648692,0.54,won,won,REAL,0.50,69,62,1
2025-05-19 11:13:18.767843,0.53,won,lost,REAL,0.50,69,63,1
2025-05-19 11:13:24.774194,0.52,won,lost,REAL,0.50,69,64,1
2025-05-19 11:13:30.747535,0.54,won,won,REAL,0.50,70,64,1
2025-05-19 11:13:36.711875,0.56,won,won,REAL,0.50,71,64,1
2025-05-19 11:13:42.642774,0.54,won,lost,REAL,0.50,71,65,1
2025-05-19 11:13:48.785155,0.50,won,lost,REAL,0.50,71,66,1
2025-05-19 11:13:54.682479,0.53,won,won,REAL,0.50,72,66,1
2025-05-19 11:14:00.604064,0.56,won,lost,REAL,0.50,72,67,1
2025-05-19 11:14:06.620416,0.56,won,lost,REAL,0.50,72,68,1
2025-05-19 11:14:11.626541,0.58,won,lost,REAL,0.50,72,69,1
2025-05-19 11:14:17.713912,0.60,won,won,REAL,0.50,73,69,1
2025-05-19 11:14:23.626241,0.57,won,lost,REAL,0.50,73,70,1
2025-05-19 11:14:28.680075,0.54,won,won,REAL,0.50,74,70,1
2025-05-19 11:14:33.607185,0.55,won,lost,REAL,0.50,74,71,1
2025-05-19 11:14:39.675549,0.53,won,won,REAL,0.50,75,71,1
2025-05-19 11:14:45.728909,0.57,won,won,REAL,0.50,76,71,1
2025-05-19 11:14:51.655240,0.56,won,lost,REAL,0.50,76,72,1
2025-05-19 11:14:57.687103,0.57,won,won,REAL,0.50,77,72,1
2025-05-19 11:15:03.620436,0.58,won,won,REAL,0.50,78,72,1
2025-05-19 11:15:08.640565,0.54,won,lost,REAL,0.50,78,73,1
2025-05-19 11:15:14.680922,0.55,won,lost,REAL,0.50,78,74,1
2025-05-19 11:15:20.676136,0.57,won,lost,REAL,0.50,78,75,1
2025-05-19 11:15:28.797961,0.57,won,lost,REAL,0.50,78,76,1
2025-05-19 11:15:34.720292,0.56,won,won,REAL,0.50,79,76,1
2025-05-19 11:15:39.619393,0.60,won,won,REAL,0.50,80,76,1
2025-05-19 11:15:45.681755,0.60,won,won,REAL,0.50,81,76,1
2025-05-19 11:15:51.624090,0.60,won,lost,REAL,0.50,81,77,1
2025-05-19 11:15:57.642442,0.58,won,won,REAL,0.50,82,77,1
2025-05-19 11:16:03.698804,0.61,won,won,REAL,0.50,83,77,1
2025-05-19 11:16:09.700152,0.54,won,won,REAL,0.50,84,77,1
2025-05-19 11:16:15.700501,0.58,won,lost,REAL,0.50,84,78,1
2025-05-19 11:16:38.213560,0.56,won,won,REAL,0.50,85,78,1
2025-05-19 11:16:44.614001,0.63,won,lost,REAL,0.50,85,79,1
2025-05-19 11:16:50.724375,0.61,won,lost,REAL,0.50,85,80,1
2025-05-19 11:16:56.732725,0.54,won,won,REAL,0.50,86,80,1
2025-05-19 11:17:02.641053,0.53,won,lost,REAL,0.50,86,81,1
2025-05-19 11:17:11.670081,0.52,won,lost,REAL,0.50,86,82,1
2025-05-19 11:17:17.715440,0.56,won,won,REAL,0.50,87,82,1
2025-05-19 11:17:23.658871,0.52,won,lost,REAL,0.50,87,83,1
2025-05-19 11:17:29.674223,0.55,won,won,REAL,0.50,88,83,1
2025-05-19 11:17:35.714580,0.53,won,won,REAL,0.50,89,83,1
2025-05-19 11:17:41.579899,0.55,won,lost,REAL,0.50,89,84,1
2025-05-19 11:17:47.690272,0.56,won,won,REAL,0.50,90,84,1
2025-05-19 11:17:53.666615,0.57,won,won,REAL,0.50,91,84,1
2025-05-19 11:17:59.640958,0.57,won,won,REAL,0.50,92,84,1
2025-05-19 11:18:05.658314,0.59,won,won,REAL,0.50,93,84,1
2025-05-19 11:18:11.648660,0.60,won,won,REAL,0.50,94,84,1
2025-05-19 11:18:19.640456,0.61,won,won,REAL,0.50,95,84,1
2025-05-19 11:18:25.695817,0.62,won,lost,REAL,0.50,95,85,1
2025-05-19 11:18:31.671159,0.54,won,won,REAL,0.50,96,85,1
2025-05-19 11:18:37.680514,0.55,won,won,REAL,0.50,97,85,1
2025-05-19 11:18:43.645855,0.55,won,lost,REAL,0.50,97,86,1
2025-05-19 11:18:49.633089,0.58,won,lost,REAL,0.50,97,87,1
2025-05-19 11:18:55.704457,0.57,won,won,REAL,0.50,98,87,1
2025-05-19 11:19:01.654508,0.58,won,won,REAL,0.50,99,87,1
2025-05-19 11:19:07.646854,0.51,won,won,REAL,0.50,100,87,1
2025-05-19 11:19:13.649203,0.54,won,lost,REAL,0.50,100,88,1
2025-05-19 11:19:19.681562,0.56,won,lost,REAL,0.50,100,89,1
2025-05-19 11:19:25.605894,0.52,won,lost,REAL,0.50,100,90,1
2025-05-19 11:19:31.690581,0.54,won,lost,REAL,0.50,100,91,1
2025-05-19 11:19:37.610918,0.59,won,won,REAL,0.50,101,91,1
2025-05-19 11:19:43.665279,0.60,won,lost,REAL,0.50,101,92,1
2025-05-19 11:19:49.653625,0.61,won,won,REAL,0.50,102,92,1
2025-05-19 11:19:55.625967,0.60,won,lost,REAL,0.50,102,93,1
2025-05-19 11:20:01.607311,0.61,won,won,REAL,0.50,103,93,1
2025-05-19 11:20:07.654670,0.62,won,lost,REAL,0.50,103,94,1
2025-05-19 11:20:13.729035,0.59,won,lost,REAL,0.50,103,95,1
2025-05-19 11:20:19.663369,0.59,won,won,REAL,0.50,104,95,1
2025-05-19 11:20:25.675226,0.58,won,lost,REAL,0.50,104,96,1
2025-05-19 11:20:31.683576,0.57,won,lost,REAL,0.50,104,97,1
2025-05-19 11:20:37.653424,0.55,won,won,REAL,0.50,105,97,1
2025-05-19 11:20:43.626307,0.55,won,won,REAL,0.50,106,97,1
2025-05-19 11:20:49.612016,0.50,won,won,REAL,0.50,107,97,1
2025-05-19 11:20:55.639371,0.54,won,won,REAL,0.50,108,97,1
2025-05-19 11:21:01.601823,0.56,won,won,REAL,0.50,109,97,1
2025-05-19 11:21:41.373761,0.00,lost,won,SIMULADO,0.50,109,97,2
2025-05-19 11:21:47.663175,0.56,won,lost,REAL,0.50,109,98,2
2025-05-19 11:21:53.641518,0.56,won,lost,REAL,0.50,109,99,2
2025-05-19 11:21:59.697398,0.53,won,lost,REAL,0.50,109,100,2
2025-05-19 11:22:05.577720,0.55,won,lost,REAL,0.50,109,101,2
2025-05-19 11:22:11.706974,0.60,won,won,REAL,0.50,110,101,2
2025-05-19 11:22:17.707323,0.60,won,lost,REAL,0.50,110,102,2
2025-05-19 11:22:25.721128,0.60,won,won,REAL,0.50,111,102,2
2025-05-19 11:22:31.667463,0.59,won,won,REAL,0.50,112,102,2
2025-05-19 11:22:37.737827,0.54,won,won,REAL,0.50,113,102,2
2025-05-19 11:22:43.722173,0.53,won,lost,REAL,0.50,113,103,2
2025-05-19 11:22:49.621498,0.54,won,won,REAL,0.50,114,103,2
2025-05-19 11:22:55.743874,0.51,won,lost,REAL,0.50,114,104,2
2025-05-19 11:23:01.712215,0.53,won,won,REAL,0.50,115,104,2
2025-05-19 11:23:07.694559,0.58,won,won,REAL,0.50,116,104,2
2025-05-19 11:23:13.621892,0.56,won,won,REAL,0.50,117,104,2
2025-05-19 11:23:19.674254,0.55,won,lost,REAL,0.50,117,105,2
2025-05-19 11:23:25.613589,0.56,won,won,REAL,0.50,118,105,2
2025-05-19 11:23:31.591811,0.59,won,won,REAL,0.50,119,105,2
2025-05-19 11:23:37.648067,0.57,won,lost,REAL,0.50,119,106,2
2025-05-19 11:23:43.732434,0.57,won,lost,REAL,0.50,119,107,2
2025-05-19 11:23:49.654765,0.58,won,lost,REAL,0.50,119,108,2
2025-05-19 11:23:55.624107,0.57,won,lost,REAL,0.50,119,109,2
2025-05-19 11:24:01.666711,0.56,won,won,REAL,0.50,120,109,2
2025-05-19 11:24:07.623071,0.55,won,lost,REAL,0.50,120,110,2
2025-05-19 11:24:13.661674,0.54,won,lost,REAL,0.50,120,111,2
2025-05-19 11:24:19.632016,0.54,won,lost,REAL,0.50,120,112,2
2025-05-19 11:24:27.666974,0.58,won,lost,REAL,0.50,120,113,2
2025-05-19 11:24:33.655645,0.60,won,won,REAL,0.50,121,113,2
2025-05-19 11:24:39.568047,0.56,won,lost,REAL,0.50,121,114,2
2025-05-19 11:24:45.658352,0.55,won,lost,REAL,0.50,121,115,2
2025-05-19 11:24:51.651702,0.58,won,lost,REAL,0.50,121,116,2
2025-05-19 11:24:57.625039,0.59,won,won,REAL,0.50,122,116,2
2025-05-19 11:25:03.592380,0.59,won,won,REAL,0.50,123,116,2
2025-05-19 11:26:32.594928,0.56,won,lost,REAL,0.50,0,1,0
2025-05-19 11:26:38.716302,0.58,won,lost,REAL,0.50,0,2,0
2025-05-19 11:26:42.417134,0.00,lost,won,SIMULADO,0.50,0,2,1
2025-05-19 11:26:48.672540,0.54,won,won,REAL,0.50,1,2,1
2025-05-19 11:26:54.663886,0.59,won,won,REAL,0.50,2,2,1
2025-05-19 11:27:00.717419,0.56,won,won,REAL,0.50,3,2,1
2025-05-19 11:27:06.829592,0.58,won,won,REAL,0.50,4,2,1
2025-05-19 11:27:11.605666,0.60,won,lost,REAL,0.50,4,3,1
2025-05-19 11:27:17.617017,0.58,won,lost,REAL,0.50,4,4,1
2025-05-19 11:27:23.710386,0.56,won,lost,REAL,0.50,4,5,1
2025-05-19 11:27:28.671501,0.60,won,won,REAL,0.50,5,5,1
2025-05-19 11:27:33.765646,0.57,won,won,REAL,0.50,6,5,1
2025-05-19 11:27:38.679751,0.56,won,won,REAL,0.50,7,5,1
2025-05-19 11:27:43.633864,0.55,won,lost,REAL,0.50,7,6,1
2025-05-19 11:27:49.679729,0.59,won,lost,REAL,0.50,7,7,1
2025-05-19 11:27:55.713085,0.56,won,won,REAL,0.50,8,7,1
2025-05-19 11:28:01.636924,0.57,won,won,REAL,0.50,9,7,1
2025-05-19 11:28:07.647275,0.56,won,won,REAL,0.50,10,7,1
2025-05-19 11:28:13.671630,0.55,won,lost,REAL,0.50,10,8,1
2025-05-19 11:28:18.643750,0.54,won,lost,REAL,0.50,10,9,1
2025-05-19 11:28:24.685109,0.56,won,won,REAL,0.50,11,9,1
2025-05-19 11:28:30.748471,0.58,won,lost,REAL,0.50,11,10,1
2025-05-19 11:28:35.585558,0.56,won,lost,REAL,0.50,11,11,1
2025-05-19 11:28:40.709830,0.59,won,lost,REAL,0.50,11,12,1
2025-05-19 11:28:45.650943,0.58,won,won,REAL,0.50,12,12,1
2025-05-19 11:28:51.629376,0.56,won,won,REAL,0.50,13,12,1
2025-05-19 11:28:57.646727,0.58,won,lost,REAL,0.50,13,13,1
2025-05-19 11:29:02.589838,0.58,won,lost,REAL,0.50,13,14,1
2025-05-19 11:29:07.561956,0.58,won,won,REAL,0.50,14,14,1
2025-05-19 11:29:13.599317,0.51,won,lost,REAL,0.50,14,15,1
2025-05-19 11:29:19.634672,0.52,won,lost,REAL,0.50,14,16,1
2025-05-19 11:29:25.577008,0.54,won,lost,REAL,0.50,14,17,1
2025-05-19 11:29:30.661151,0.55,won,won,REAL,0.50,15,17,1
2025-05-19 11:29:35.690280,0.59,won,won,REAL,0.50,16,17,1
2025-05-19 11:29:41.625614,0.61,won,lost,REAL,0.50,16,18,1
2025-05-19 11:29:49.681424,0.58,won,lost,REAL,0.50,16,19,1
2025-05-19 11:29:54.723557,0.59,won,lost,REAL,0.50,16,20,1
2025-05-19 11:29:59.615657,0.59,won,lost,REAL,0.50,16,21,1
2025-05-19 11:30:04.637786,0.57,won,lost,REAL,0.50,16,22,1
2025-05-19 11:30:10.665647,0.58,won,lost,REAL,0.50,16,23,1
2025-05-19 11:30:16.723008,0.55,won,lost,REAL,0.50,16,24,1
2025-05-19 11:30:21.617109,0.60,won,won,REAL,0.50,17,24,1
2025-05-19 11:30:27.681475,0.57,won,lost,REAL,0.50,17,25,1
2025-05-19 11:30:33.560796,0.59,won,won,REAL,0.50,18,25,1
2025-05-19 11:30:39.644163,0.56,won,won,REAL,0.50,19,25,1
2025-05-19 11:30:45.640512,0.56,won,lost,REAL,0.50,19,26,1
2025-05-19 11:30:51.624856,0.54,won,lost,REAL,0.50,19,27,1
2025-05-19 11:30:56.687994,0.54,won,lost,REAL,0.50,19,28,1
2025-05-19 11:31:02.665338,0.54,won,won,REAL,0.50,20,28,1
2025-05-19 11:31:08.718697,0.53,won,won,REAL,0.50,21,28,1
2025-05-19 11:31:14.625024,0.53,won,won,REAL,0.50,22,28,1
2025-05-19 11:31:54.641652,0.54,won,won,REAL,0.50,23,28,1
2025-05-19 11:32:00.651003,0.55,won,lost,REAL,0.50,23,29,1
2025-05-19 11:32:06.655352,0.60,won,won,REAL,0.50,24,29,1
2025-05-19 11:32:11.605465,0.55,won,lost,REAL,0.50,24,30,1
2025-05-19 11:32:16.634808,0.57,won,lost,REAL,0.50,24,31,1
2025-05-19 11:32:21.666938,0.56,won,lost,REAL,0.50,24,32,1
2025-05-19 11:32:27.859331,0.58,won,lost,REAL,0.50,24,33,1
2025-05-19 11:32:33.688641,0.57,won,lost,REAL,0.50,24,34,1
2025-05-19 11:32:39.727997,0.58,won,lost,REAL,0.50,24,35,1
2025-05-19 11:32:45.619321,0.55,won,won,REAL,0.50,25,35,1
2025-05-19 11:32:53.601115,0.58,won,won,REAL,0.50,26,35,1
2025-05-19 11:32:59.641472,0.53,won,won,REAL,0.50,27,35,1
2025-05-19 11:33:05.604813,0.58,won,won,REAL,0.50,28,35,1
2025-05-19 11:33:11.665174,0.58,won,won,REAL,0.50,29,35,1
2025-05-19 11:33:17.606511,0.57,won,lost,REAL,0.50,29,36,1
2025-05-19 11:33:23.618861,0.55,won,lost,REAL,0.50,29,37,1
2025-05-19 11:33:29.625211,0.56,won,lost,REAL,0.50,29,38,1
2025-05-19 11:33:35.654566,0.57,won,lost,REAL,0.50,29,39,1
2025-05-19 11:33:40.711702,0.53,won,won,REAL,0.50,30,39,1
2025-05-19 11:33:45.631809,0.59,won,lost,REAL,0.50,30,40,1
2025-05-19 11:33:51.662163,0.53,won,lost,REAL,0.50,30,41,1
2025-05-19 11:33:57.583494,0.53,won,won,REAL,0.50,31,41,1
2025-05-19 11:34:03.611849,0.58,won,lost,REAL,0.50,31,42,1
2025-05-19 11:34:09.707219,0.51,won,lost,REAL,0.50,31,43,1
2025-05-19 11:34:15.598373,0.58,won,won,REAL,0.50,32,43,1
2025-05-19 11:34:20.664511,0.58,won,won,REAL,0.50,33,43,1
2025-05-19 11:34:26.637792,0.56,won,lost,REAL,0.50,33,44,1
2025-05-19 11:34:32.781172,0.54,won,won,REAL,0.50,34,44,1
2025-05-19 11:34:37.615260,0.57,won,lost,REAL,0.50,34,45,1
2025-05-19 11:34:43.626610,0.56,won,won,REAL,0.50,35,45,1
2025-05-19 11:34:49.693974,0.55,won,lost,REAL,0.50,35,46,1
2025-05-19 11:34:55.602301,0.55,won,won,REAL,0.50,36,46,1
2025-05-19 11:35:01.638658,0.54,won,won,REAL,0.50,37,46,1
2025-05-19 11:35:07.581194,0.52,won,won,REAL,0.50,38,46,1
2025-05-19 11:35:13.708572,0.53,won,won,REAL,0.50,39,46,1
2025-05-19 11:35:19.759998,0.58,won,lost,REAL,0.50,39,47,1
2025-05-19 11:35:25.595312,0.56,won,won,REAL,0.50,40,47,1
2025-05-19 11:35:31.683678,0.58,won,lost,REAL,0.50,40,48,1
2025-05-19 11:35:37.612011,0.56,won,lost,REAL,0.50,40,49,1
2025-05-19 11:35:43.671373,0.58,won,won,REAL,0.50,41,49,1
2025-05-19 11:35:49.651717,0.58,won,lost,REAL,0.50,41,50,1
2025-05-19 11:35:55.639061,0.56,won,lost,REAL,0.50,41,51,1
2025-05-19 11:36:01.667416,0.56,won,lost,REAL,0.50,41,52,1
2025-05-19 11:36:07.741782,0.56,won,won,REAL,0.50,42,52,1
2025-05-19 11:36:13.600288,0.52,won,lost,REAL,0.50,42,53,1
2025-05-19 11:36:19.642648,0.55,won,won,REAL,0.50,43,53,1
2025-05-19 11:36:25.691005,0.56,won,won,REAL,0.50,44,53,1
2025-05-19 11:36:31.568326,0.59,won,won,REAL,0.50,45,53,1
2025-05-19 11:36:43.976136,0.54,won,won,REAL,0.50,46,53,1
2025-05-19 11:36:50.735655,0.56,won,won,REAL,0.50,47,53,1
2025-05-19 11:36:56.680991,0.59,won,won,REAL,0.50,48,53,1
2025-05-19 11:37:02.739069,0.55,won,lost,REAL,0.50,48,54,1
2025-05-19 11:37:06.398890,0.00,lost,lost,SIMULADO,0.50,48,54,2
2025-05-19 11:37:12.842006,0.54,won,lost,REAL,0.50,48,55,2
2025-05-19 11:37:18.718325,0.53,won,lost,REAL,0.50,48,56,2
2025-05-19 11:37:22.470170,0.00,lost,lost,SIMULADO,0.50,48,56,3
2025-05-19 11:37:28.675564,0.55,won,lost,REAL,0.50,48,57,3
2025-05-19 11:37:34.665910,0.55,won,lost,REAL,0.50,48,58,3
2025-05-19 11:37:40.712269,0.59,won,won,REAL,0.50,49,58,3
2025-05-19 11:37:46.720620,0.59,won,lost,REAL,0.50,49,59,3
2025-05-19 11:37:52.632948,0.56,won,won,REAL,0.50,50,59,3
2025-05-19 11:37:58.633296,0.58,won,won,REAL,0.50,51,59,3
2025-05-19 11:38:04.614641,0.56,won,lost,REAL,0.50,51,60,3
2025-05-19 11:38:10.638124,0.54,won,lost,REAL,0.50,51,61,3
2025-05-19 11:38:16.743496,0.54,won,won,REAL,0.50,52,61,3
2025-05-19 11:38:21.693578,0.59,won,won,REAL,0.50,53,61,3
2025-05-19 11:38:27.612130,0.56,won,won,REAL,0.50,54,61,3
2025-05-19 11:38:33.613412,0.59,won,lost,REAL,0.50,54,62,3
2025-05-19 11:38:39.657770,0.57,won,lost,REAL,0.50,54,63,3
2025-05-19 11:38:45.607924,0.56,won,lost,REAL,0.50,54,64,3
2025-05-19 11:38:51.580271,0.56,won,lost,REAL,0.50,54,65,3
2025-05-19 11:38:57.665639,0.57,won,lost,REAL,0.50,54,66,3
2025-05-19 11:39:03.560963,0.55,won,won,REAL,0.50,55,66,3
2025-05-19 11:39:09.694341,0.55,won,lost,REAL,0.50,55,67,3
2025-05-19 11:39:15.678686,0.54,won,lost,REAL,0.50,55,68,3
2025-05-19 11:39:21.894083,0.53,won,won,REAL,0.50,56,68,3
2025-05-19 11:39:29.713851,0.58,won,won,REAL,0.50,57,68,3
2025-05-19 11:39:35.626180,0.51,won,won,REAL,0.50,58,68,3
2025-05-19 11:39:41.631528,0.53,won,lost,REAL,0.50,58,69,3
2025-05-19 11:39:47.660883,0.51,won,lost,REAL,0.50,58,70,3
2025-05-19 11:39:53.642228,0.52,won,lost,REAL,0.50,58,71,3
2025-05-19 11:39:59.609569,0.55,won,won,REAL,0.50,59,71,3
2025-05-19 11:40:05.749949,0.59,won,won,REAL,0.50,60,71,3
2025-05-19 11:40:11.636273,0.58,won,won,REAL,0.50,61,71,3
2025-05-19 11:40:17.621617,0.59,won,won,REAL,0.50,62,71,3
2025-05-19 11:40:23.602962,0.53,won,lost,REAL,0.50,62,72,3
2025-05-19 11:40:29.598695,0.54,won,won,REAL,0.50,63,72,3
2025-05-19 11:40:35.691804,0.54,won,lost,REAL,0.50,63,73,3
2025-05-19 11:40:41.651146,0.57,won,lost,REAL,0.50,63,74,3
2025-05-19 11:40:47.667497,0.56,won,lost,REAL,0.50,63,75,3
2025-05-19 11:40:53.624024,0.56,won,won,REAL,0.50,64,75,3
2025-05-19 11:40:59.668867,0.55,won,won,REAL,0.50,65,75,3
2025-05-19 11:41:05.663724,0.57,won,won,REAL,0.50,66,75,3
2025-05-19 11:41:11.608060,0.51,won,lost,REAL,0.50,66,76,3
2025-05-19 11:41:15.365904,0.00,lost,won,SIMULADO,0.50,66,76,4
2025-05-19 11:41:21.650733,0.55,won,won,REAL,0.50,67,76,4
2025-05-19 11:41:27.590068,0.58,won,lost,REAL,0.50,67,77,4
2025-05-19 11:41:33.644792,0.56,won,won,REAL,0.50,68,77,4
2025-05-19 11:41:39.622134,0.59,won,lost,REAL,0.50,68,78,4
2025-05-19 11:41:45.594723,0.57,won,lost,REAL,0.50,68,79,4
2025-05-19 11:41:51.698600,0.57,won,won,REAL,0.50,69,79,4
2025-05-19 11:41:57.559917,0.55,won,lost,REAL,0.50,69,80,4
2025-05-19 11:42:03.601540,0.54,won,lost,REAL,0.50,69,81,4
2025-05-19 11:42:09.642899,0.56,won,lost,REAL,0.50,69,82,4
2025-05-19 11:42:15.624242,0.50,won,lost,REAL,0.50,69,83,4
2025-05-19 11:42:21.698123,0.51,won,lost,REAL,0.50,69,84,4
2025-05-19 11:42:29.674917,0.57,won,lost,REAL,0.50,69,85,4
2025-05-19 11:42:35.621253,0.56,won,lost,REAL,0.50,69,86,4
2025-05-19 11:42:39.349090,0.00,lost,lost,SIMULADO,0.50,69,86,5
2025-05-19 11:42:43.344988,0.00,lost,won,SIMULADO,0.50,69,86,6
2025-05-19 11:42:52.668083,0.52,won,won,REAL,0.50,70,86,6
2025-05-19 11:42:58.704439,0.55,won,lost,REAL,0.50,70,87,6
2025-05-19 11:43:04.734795,0.54,won,lost,REAL,0.50,70,88,6
2025-05-19 11:43:09.617892,0.56,won,lost,REAL,0.50,70,89,6
2025-05-19 11:43:15.630244,0.57,won,won,REAL,0.50,71,89,6
2025-05-19 11:43:21.683604,0.56,won,lost,REAL,0.50,71,90,6
2025-05-19 11:43:27.616937,0.56,won,won,REAL,0.50,72,90,6
2025-05-19 11:43:33.746315,0.55,won,won,REAL,0.50,73,90,6
2025-05-19 11:43:39.656643,0.57,won,won,REAL,0.50,74,90,6
2025-05-19 11:43:45.684964,0.54,won,won,REAL,0.50,75,90,6
2025-05-19 11:43:51.644775,0.55,won,lost,REAL,0.50,75,91,6
2025-05-19 11:43:57.663023,0.56,won,lost,REAL,0.50,75,92,6
2025-05-19 11:44:03.694150,0.55,won,lost,REAL,0.50,75,93,6
2025-05-19 11:44:07.349506,0.00,lost,won,SIMULADO,0.50,75,93,7
2025-05-19 11:44:13.666605,0.53,won,lost,REAL,0.50,75,94,7
2025-05-19 11:44:19.574932,0.55,won,won,REAL,0.50,76,94,7
2025-05-19 11:44:25.619290,0.55,won,won,REAL,0.50,77,94,7
2025-05-19 11:44:31.667650,0.55,won,lost,REAL,0.50,77,95,7
2025-05-19 11:44:37.616987,0.56,won,won,REAL,0.50,78,95,7
2025-05-19 11:44:43.688351,0.56,won,lost,REAL,0.50,78,96,7
2025-05-19 11:44:49.575675,0.52,won,lost,REAL,0.50,78,97,7
2025-05-19 11:44:55.598028,0.58,won,lost,REAL,0.50,78,98,7
2025-05-19 11:45:01.631383,0.57,won,won,REAL,0.50,79,98,7
2025-05-19 11:45:07.620846,0.56,won,lost,REAL,0.50,79,99,7
2025-05-19 11:45:13.671206,0.57,won,won,REAL,0.50,80,99,7
2025-05-19 11:45:19.588535,0.55,won,won,REAL,0.50,81,99,7
2025-05-19 11:45:23.337381,0.00,lost,won,SIMULADO,0.50,81,99,8
2025-05-19 11:45:29.628795,0.54,won,lost,REAL,0.50,81,100,8
2025-05-19 11:45:35.598139,0.54,won,lost,REAL,0.50,81,101,8
2025-05-19 11:45:41.616492,0.51,won,lost,REAL,0.50,81,102,8
2025-05-19 11:45:47.574830,0.53,won,lost,REAL,0.50,81,103,8
2025-05-19 11:45:53.576179,0.58,won,lost,REAL,0.50,81,104,8
2025-05-19 11:45:57.334024,0.00,lost,lost,SIMULADO,0.50,81,104,9
2025-05-19 11:46:03.627580,0.55,won,lost,REAL,0.50,81,105,9
2025-05-19 11:46:09.639930,0.51,won,lost,REAL,0.50,81,106,9
2025-05-19 11:46:13.334975,0.00,lost,won,SIMULADO,0.50,81,106,10
2025-05-19 11:46:19.657397,0.54,won,lost,REAL,0.50,81,107,10
2025-05-19 11:46:25.654745,0.51,won,won,REAL,0.50,82,107,10
2025-05-19 11:46:31.683098,0.55,won,lost,REAL,0.50,82,108,10
2025-05-19 11:46:37.635436,0.52,won,lost,REAL,0.50,82,109,10
2025-05-19 11:46:43.614781,0.56,won,won,REAL,0.50,83,109,10
2025-05-19 11:46:49.633133,0.56,won,lost,REAL,0.50,83,110,10
2025-05-19 11:46:55.592473,0.55,won,lost,REAL,0.50,83,111,10
2025-05-19 11:47:01.649834,0.57,won,lost,REAL,0.50,83,112,10
2025-05-19 11:47:07.617175,0.52,won,won,REAL,0.50,84,112,10
2025-05-19 11:47:17.656063,0.55,won,won,REAL,0.50,85,112,10
2025-05-19 11:47:23.634010,0.50,won,lost,REAL,0.50,85,113,10
2025-05-19 11:47:27.344061,0.00,lost,won,SIMULADO,0.50,85,113,11
2025-05-19 11:47:33.710519,0.53,won,lost,REAL,0.50,85,114,11
2025-05-19 11:47:39.619884,0.54,won,won,REAL,0.50,86,114,11
2025-05-19 11:47:45.637097,0.54,won,won,REAL,0.50,87,114,11
2025-05-19 11:47:51.594439,0.55,won,lost,REAL,0.50,87,115,11
2025-05-19 11:47:57.626795,0.56,won,won,REAL,0.50,88,115,11
2025-05-19 11:48:03.668316,0.54,won,lost,REAL,0.50,88,116,11
2025-05-19 11:48:09.681667,0.53,won,won,REAL,0.50,89,116,11
2025-05-19 11:48:15.667012,0.51,won,won,REAL,0.50,90,116,11
2025-05-19 11:48:21.661086,0.52,won,lost,REAL,0.50,90,117,11
2025-05-19 11:48:27.653102,0.54,won,won,REAL,0.50,91,117,11
2025-05-19 11:48:33.656210,0.55,won,won,REAL,0.50,92,117,11
2025-05-19 11:48:39.685565,0.55,won,won,REAL,0.50,93,117,11
2025-05-19 11:48:45.693915,0.53,won,won,REAL,0.50,94,117,11
2025-05-19 11:48:51.670262,0.54,won,won,REAL,0.50,95,117,11
2025-05-19 11:48:57.604045,0.56,won,lost,REAL,0.50,95,118,11
2025-05-19 11:49:03.626202,0.55,won,won,REAL,0.50,96,118,11
2025-05-19 11:49:09.602308,0.52,won,won,REAL,0.50,97,118,11
2025-05-19 11:49:13.363153,0.00,lost,lost,SIMULADO,0.50,97,118,12
2025-05-19 11:49:17.346049,0.00,lost,lost,SIMULADO,0.50,97,118,13
2025-05-19 11:49:21.339945,0.00,lost,lost,SIMULADO,0.50,97,118,14
2025-05-19 11:49:27.699375,0.51,won,lost,REAL,0.50,97,119,14
2025-05-19 11:49:35.661164,0.55,won,lost,REAL,0.50,97,120,14
2025-05-19 11:49:41.632011,0.55,won,lost,REAL,0.50,97,121,14
2025-05-19 11:49:47.635361,0.54,won,lost,REAL,0.50,97,122,14
2025-05-19 11:49:53.656287,0.53,won,won,REAL,0.50,98,122,14
2025-05-19 11:49:57.332113,0.00,lost,won,SIMULADO,0.50,98,122,15
2025-05-19 11:50:02.625303,0.50,won,won,REAL,0.50,99,122,15
2025-05-19 11:50:07.678438,0.53,won,won,REAL,0.50,100,122,15
2025-05-19 11:50:13.664783,0.53,won,lost,REAL,0.50,100,123,15
2025-05-19 11:50:19.680136,0.53,won,lost,REAL,0.50,100,124,15
2025-05-19 11:50:24.648256,0.56,won,lost,REAL,0.50,100,125,15
2025-05-19 11:50:30.739624,0.58,won,lost,REAL,0.50,100,126,15
2025-05-19 11:50:36.687962,0.57,won,lost,REAL,0.50,100,127,15
2025-05-19 11:50:42.711317,0.55,won,won,REAL,0.50,101,127,15
2025-05-19 11:50:48.670656,0.56,won,lost,REAL,0.50,101,128,15
2025-05-19 11:50:54.722018,0.53,won,won,REAL,0.50,102,128,15
2025-05-19 11:50:59.695135,0.53,won,won,REAL,0.50,103,128,15
2025-05-19 11:51:05.620466,0.56,won,lost,REAL,0.50,103,129,15
2025-05-19 11:51:11.595810,0.56,won,won,REAL,0.50,104,129,15
2025-05-19 11:51:17.637167,0.54,won,lost,REAL,0.50,104,130,15
2025-05-19 11:51:23.666522,0.55,won,won,REAL,0.50,105,130,15
2025-05-19 11:51:29.668871,0.56,won,won,REAL,0.50,106,130,15
2025-05-19 11:51:35.563196,0.54,won,lost,REAL,0.50,106,131,15
2025-05-19 11:51:41.587550,0.54,won,won,REAL,0.50,107,131,15
2025-05-19 11:51:47.629739,0.55,won,won,REAL,0.50,108,131,15
2025-05-19 11:51:53.675098,0.53,won,lost,REAL,0.50,108,132,15
2025-05-19 11:51:59.679448,0.53,won,lost,REAL,0.50,108,133,15
2025-05-19 11:52:05.663792,0.55,won,won,REAL,0.50,109,133,15
2025-05-19 11:52:11.624136,0.56,won,lost,REAL,0.50,109,134,15
2025-05-19 11:52:17.615661,0.56,won,lost,REAL,0.50,109,135,15
2025-05-19 11:52:23.634759,0.54,won,won,REAL,0.50,110,135,15
2025-05-19 11:52:28.610712,0.54,won,won,REAL,0.50,111,135,15
2025-05-19 11:52:34.648428,0.55,won,lost,REAL,0.50,111,136,15
2025-05-19 11:52:40.737796,0.58,won,won,REAL,0.50,112,136,15
2025-05-19 11:52:46.759149,0.54,won,lost,REAL,0.50,112,137,15
2025-05-19 11:52:52.643471,0.53,won,won,REAL,0.50,113,137,15
2025-05-19 11:52:58.723838,0.57,won,lost,REAL,0.50,113,138,15
2025-05-19 11:53:04.599158,0.55,won,won,REAL,0.50,114,138,15
2025-05-19 11:53:10.753542,0.55,won,lost,REAL,0.50,114,139,15
2025-05-19 11:53:16.712880,0.54,won,won,REAL,0.50,115,139,15
2025-05-19 11:53:21.637505,0.54,won,lost,REAL,0.50,115,140,15
2025-05-19 11:53:26.671636,0.55,won,lost,REAL,0.50,115,141,15
2025-05-19 11:53:31.600744,0.55,won,won,REAL,0.50,116,141,15
2025-05-19 11:53:37.666110,0.56,won,won,REAL,0.50,117,141,15
2025-05-19 11:53:43.653458,0.53,won,won,REAL,0.50,118,141,15
2025-05-19 11:53:49.606797,0.52,won,lost,REAL,0.50,118,142,15
2025-05-19 11:53:55.601146,0.55,won,won,REAL,0.50,119,142,15
2025-05-19 11:54:01.659508,0.51,won,lost,REAL,0.50,119,143,15
2025-05-19 11:54:07.625849,0.56,won,lost,REAL,0.50,119,144,15
2025-05-19 11:54:13.616194,0.57,won,won,REAL,0.50,120,144,15
2025-05-19 11:54:19.625545,0.51,won,lost,REAL,0.50,120,145,15
2025-05-19 11:54:23.357387,0.00,lost,won,SIMULADO,0.50,120,145,16
2025-05-19 11:54:29.756824,0.54,won,lost,REAL,0.50,120,146,16
2025-05-19 11:54:35.606139,0.51,won,won,REAL,0.50,121,146,16
2025-05-19 11:54:41.735517,0.54,won,won,REAL,0.50,122,146,16
2025-05-19 11:54:47.642845,0.51,won,won,REAL,0.50,123,146,16
2025-05-19 11:54:53.622188,0.56,won,lost,REAL,0.50,123,147,16
2025-05-19 11:54:59.646060,0.54,won,lost,REAL,0.50,123,148,16
2025-05-19 11:55:07.688868,0.57,won,won,REAL,0.50,124,148,16
2025-05-19 11:55:13.654209,0.55,won,won,REAL,0.50,125,148,16
2025-05-19 11:55:19.601545,0.56,won,lost,REAL,0.50,125,149,16
2025-05-19 11:55:26.628126,0.55,won,won,REAL,0.50,126,149,16
2025-05-19 11:55:31.569237,0.55,won,won,REAL,0.50,127,149,16
2025-05-19 11:55:37.590590,0.56,won,lost,REAL,0.50,127,150,16
2025-05-19 11:55:43.632467,0.55,won,lost,REAL,0.50,127,151,16
2025-05-19 11:55:49.579804,0.56,won,won,REAL,0.50,128,151,16
2025-05-19 11:55:55.603158,0.54,won,won,REAL,0.50,129,151,16
2025-05-19 11:56:01.638514,0.52,won,won,REAL,0.50,130,151,16
2025-05-19 11:56:07.625860,0.51,won,lost,REAL,0.50,130,152,16
2025-05-19 11:56:13.640211,0.54,won,won,REAL,0.50,131,152,16
2025-05-19 11:56:18.733355,0.55,won,won,REAL,0.50,132,152,16
2025-05-19 11:56:23.584446,0.54,won,lost,REAL,0.50,132,153,16
2025-05-19 11:56:28.688597,0.53,won,won,REAL,0.50,133,153,16
2025-05-19 11:56:34.610928,0.58,won,won,REAL,0.50,134,153,16
2025-05-19 11:56:40.673291,0.57,won,lost,REAL,0.50,134,154,16
2025-05-19 11:56:46.653635,0.53,won,won,REAL,0.50,135,154,16
2025-05-19 11:56:51.595746,0.51,won,lost,REAL,0.50,135,155,16
2025-05-19 11:56:57.575088,0.53,won,lost,REAL,0.50,135,156,16
2025-05-19 11:57:03.712468,0.53,won,lost,REAL,0.50,135,157,16
2025-05-19 11:57:09.669807,0.57,won,lost,REAL,0.50,135,158,16
2025-05-19 11:57:15.584360,0.57,won,lost,REAL,0.50,135,159,16
2025-05-19 11:57:22.675338,0.54,won,lost,REAL,0.50,135,160,16
2025-05-19 11:57:29.654480,0.54,won,won,REAL,0.50,136,160,16
2025-05-19 11:57:34.584841,0.53,won,won,REAL,0.50,137,160,16
2025-05-19 11:57:40.764229,0.55,won,won,REAL,0.50,138,160,16
2025-05-19 11:57:49.554204,0.55,won,won,REAL,0.50,139,160,16
2025-05-19 11:57:55.525546,0.56,won,lost,REAL,0.50,139,161,16
2025-05-19 11:58:00.779727,0.58,won,lost,REAL,0.50,139,162,16
2025-05-19 11:58:06.655048,0.56,won,lost,REAL,0.50,139,163,16
2025-05-19 11:58:12.706408,0.56,won,won,REAL,0.50,140,163,16
2025-05-19 11:58:18.661250,0.58,won,lost,REAL,0.50,140,164,16
2025-05-19 11:58:23.643369,0.52,won,won,REAL,0.50,141,164,16
2025-05-19 11:58:29.597707,0.56,won,lost,REAL,0.50,141,165,16
2025-05-19 11:58:35.576051,0.51,won,lost,REAL,0.50,141,166,16
2025-05-19 11:58:41.564397,0.54,won,won,REAL,0.50,142,166,16
2025-05-19 11:58:46.568521,0.51,won,won,REAL,0.50,143,166,16
2025-05-19 11:58:52.731906,0.51,won,won,REAL,0.50,144,166,16
2025-05-19 11:59:01.616408,0.55,won,won,REAL,0.50,145,166,16
2025-05-19 11:59:07.598753,0.58,won,won,REAL,0.50,146,166,16
2025-05-19 11:59:13.631022,0.57,won,lost,REAL,0.50,146,167,16
2025-05-19 11:59:19.647374,0.57,won,lost,REAL,0.50,146,168,16
2025-05-19 11:59:24.769525,0.57,won,lost,REAL,0.50,146,169,16
2025-05-19 11:59:30.852892,0.57,won,won,REAL,0.50,147,169,16
2025-05-19 11:59:35.557950,0.59,won,lost,REAL,0.50,147,170,16
2025-05-19 11:59:44.705005,0.56,won,won,REAL,0.50,148,170,16
2025-05-19 11:59:50.797375,0.55,won,lost,REAL,0.50,148,171,16
2025-05-19 11:59:56.718704,0.55,won,won,REAL,0.50,149,171,16
2025-05-19 12:00:02.635035,0.59,won,lost,REAL,0.50,149,172,16
2025-05-19 12:00:08.605376,0.56,won,won,REAL,0.50,150,172,16
2025-05-19 12:00:14.705747,0.56,won,lost,REAL,0.50,150,173,16
2025-05-19 12:00:19.629856,0.58,won,won,REAL,0.50,151,173,16
2025-05-19 12:00:44.813518,0.57,won,lost,REAL,0.50,151,174,16
2025-05-19 12:00:50.692839,0.52,won,lost,REAL,0.50,151,175,16
2025-05-19 12:00:56.706190,0.56,won,won,REAL,0.50,152,175,16
2025-05-19 12:01:02.543503,0.56,won,won,REAL,0.50,153,175,16
2025-05-19 12:01:08.688884,0.58,won,lost,REAL,0.50,153,176,16
2025-05-19 12:01:14.739245,0.52,won,won,REAL,0.50,154,176,16
2025-05-19 12:01:19.696360,0.54,won,lost,REAL,0.50,154,177,16
2025-05-19 12:01:25.699708,0.57,won,won,REAL,0.50,155,177,16
2025-05-19 12:01:31.632045,0.55,won,lost,REAL,0.50,155,178,16
2025-05-19 12:01:37.625398,0.55,won,lost,REAL,0.50,155,179,16
2025-05-19 12:01:42.709540,0.55,won,lost,REAL,0.50,155,180,16
2025-05-19 12:01:48.725892,0.59,won,lost,REAL,0.50,155,181,16
2025-05-19 12:01:53.737023,0.57,won,won,REAL,0.50,156,181,16
2025-05-19 12:01:59.627396,0.54,won,lost,REAL,0.50,156,182,16
2025-05-19 12:02:04.705538,0.57,won,won,REAL,0.50,157,182,16
2025-05-19 12:02:10.733892,0.53,won,won,REAL,0.50,158,182,16
2025-05-19 12:02:15.581981,0.53,won,won,REAL,0.50,159,182,16
2025-05-19 12:02:21.779372,0.53,won,won,REAL,0.50,160,182,16
2025-05-19 12:02:27.727710,0.51,won,won,REAL,0.50,161,182,16
